blast_furnace_slag,fly_ash,superplasticizer,age,cement,water,coarse_aggregate,fine_aggregate,compressive_strength
alto,medio,alto,estandar,poco,poco,poco,medio,media_alta
no_aplica,medio,medio,largo_plazo,poco,poco,alto,alto,media_alta
alto,no_aplica,no_aplica,largo_plazo,poco,medio,alto,alto,media_alta
no_aplica,poco,alto,estandar,medio,poco,medio,alto,media_baja
no_aplica,poco,alto,muy_temprana,medio,poco,medio,alto,media_baja
no_aplica,medio,medio,muy_temprana,poco,poco,alto,alto,baja
no_aplica,alto,no_aplica,largo_plazo,poco,poco,alto,alto,media_alta
no_aplica,medio,medio,largo_plazo,poco,poco,alto,medio,media_baja
poco,no_aplica,alto,estandar,alto,poco,poco,alto,alta
no_aplica,medio,poco,largo_plazo,medio,medio,alto,medio,media_alta
no_aplica,medio,poco,muy_temprana,poco,alto,alto,medio,baja
poco,alto,poco,estandar,medio,medio,poco,medio,media_alta
no_aplica,no_aplica,no_aplica,largo_plazo,medio,alto,medio,alto,media_baja
medio,medio,poco,muy_temprana,poco,medio,alto,poco,baja
no_aplica,no_aplica,no_aplica,estandar,alto,alto,medio,medio,media_baja
poco,poco,alto,estandar,alto,poco,medio,poco,alta
no_aplica,medio,poco,madura,poco,poco,alto,alto,media_alta
medio,no_aplica,no_aplica,muy_temprana,poco,medio,medio,alto,baja
medio,no_aplica,no_aplica,muy_temprana,poco,medio,medio,alto,baja
poco,no_aplica,alto,muy_temprana,alto,poco,poco,alto,media_baja
alto,no_aplica,no_aplica,muy_temprana,poco,medio,poco,poco,media_baja
no_aplica,medio,poco,muy_temprana,medio,medio,alto,medio,baja
no_aplica,no_aplica,no_aplica,largo_plazo,alto,alto,alto,medio,media_alta
no_aplica,no_aplica,no_aplica,estandar,alto,medio,medio,medio,media_baja
alto,no_aplica,no_aplica,muy_temprana,poco,medio,alto,medio,baja
alto,no_aplica,alto,estandar,alto,poco,poco,alto,alta
no_aplica,no_aplica,poco,estandar,alto,medio,alto,alto,media_baja
medio,medio,poco,muy_temprana,poco,medio,alto,poco,media_baja
no_aplica,poco,medio,estandar,medio,poco,medio,alto,media_baja
no_aplica,no_aplica,no_aplica,muy_temprana,alto,poco,alto,poco,media_alta
no_aplica,no_aplica,no_aplica,largo_plazo,medio,medio,alto,alto,media_alta
medio,medio,alto,estandar,poco,poco,medio,poco,media_baja
alto,alto,alto,estandar,poco,alto,poco,poco,media_baja
alto,no_aplica,no_aplica,largo_plazo,medio,alto,poco,poco,media_alta
alto,no_aplica,no_aplica,largo_plazo,poco,medio,poco,medio,media_alta
medio,no_aplica,no_aplica,muy_temprana,alto,alto,poco,poco,media_baja
alto,no_aplica,alto,madura,alto,medio,poco,poco,alta
alto,medio,poco,estandar,poco,alto,poco,poco,media_alta
alto,alto,alto,estandar,poco,poco,poco,poco,media_alta
poco,no_aplica,no_aplica,estandar,poco,medio,poco,alto,media_baja
no_aplica,no_aplica,no_aplica,estandar,medio,medio,alto,medio,media_baja
alto,medio,medio,estandar,poco,poco,poco,medio,media_baja
no_aplica,no_aplica,no_aplica,muy_temprana,medio,medio,alto,medio,baja
no_aplica,alto,no_aplica,madura,poco,poco,alto,alto,media_alta
medio,no_aplica,no_aplica,largo_plazo,poco,alto,medio,medio,media_baja
poco,alto,poco,muy_temprana,poco,poco,alto,medio,media_baja
no_aplica,alto,alto,muy_temprana,poco,poco,alto,medio,baja
medio,no_aplica,no_aplica,largo_plazo,poco,alto,medio,poco,media_alta
no_aplica,no_aplica,no_aplica,largo_plazo,alto,alto,poco,poco,media_alta
alto,no_aplica,medio,madura,alto,poco,poco,medio,alta
no_aplica,alto,alto,estandar,alto,alto,poco,medio,media_alta
no_aplica,no_aplica,no_aplica,largo_plazo,medio,alto,medio,alto,media_baja
no_aplica,no_aplica,no_aplica,muy_temprana,medio,medio,alto,medio,baja
no_aplica,medio,poco,estandar,medio,medio,alto,medio,media_baja
no_aplica,no_aplica,no_aplica,estandar,alto,alto,alto,medio,media_baja
no_aplica,no_aplica,no_aplica,muy_temprana,alto,medio,alto,poco,media_alta
poco,medio,alto,muy_temprana,poco,poco,alto,medio,baja
alto,no_aplica,no_aplica,muy_temprana,poco,medio,alto,poco,baja
no_aplica,poco,medio,muy_temprana,poco,poco,alto,alto,baja
medio,poco,poco,estandar,poco,medio,poco,medio,media_baja
poco,no_aplica,alto,muy_temprana,alto,poco,poco,alto,media_baja
poco,no_aplica,no_aplica,estandar,alto,alto,poco,poco,media_alta
alto,no_aplica,no_aplica,estandar,poco,alto,medio,poco,media_alta
poco,no_aplica,alto,muy_temprana,alto,poco,poco,alto,media_alta
alto,alto,poco,estandar,poco,alto,poco,poco,media_baja
no_aplica,no_aplica,no_aplica,largo_plazo,alto,alto,medio,medio,media_baja
no_aplica,poco,poco,muy_temprana,poco,medio,medio,alto,media_baja
medio,no_aplica,alto,muy_temprana,alto,poco,alto,poco,media_baja
no_aplica,no_aplica,no_aplica,madura,alto,alto,alto,medio,media_alta
no_aplica,medio,poco,muy_temprana,poco,poco,alto,medio,baja
no_aplica,no_aplica,no_aplica,muy_temprana,alto,medio,medio,medio,media_baja
alto,no_aplica,alto,estandar,alto,medio,poco,poco,alta
no_aplica,no_aplica,no_aplica,estandar,medio,alto,medio,alto,media_baja
no_aplica,medio,medio,estandar,medio,poco,alto,poco,media_alta
no_aplica,no_aplica,no_aplica,largo_plazo,poco,alto,medio,alto,media_baja
no_aplica,medio,poco,muy_temprana,poco,poco,alto,medio,baja
poco,no_aplica,no_aplica,largo_plazo,alto,alto,poco,poco,media_alta
alto,no_aplica,poco,muy_temprana,alto,medio,alto,poco,media_baja
poco,no_aplica,alto,estandar,alto,poco,poco,alto,alta
no_aplica,medio,medio,madura,poco,poco,alto,medio,media_baja
medio,no_aplica,no_aplica,largo_plazo,poco,medio,medio,alto,media_alta
no_aplica,no_aplica,no_aplica,estandar,alto,medio,alto,poco,alta
poco,poco,alto,muy_temprana,alto,poco,poco,alto,media_alta
no_aplica,poco,poco,estandar,medio,medio,poco,alto,media_alta
alto,no_aplica,no_aplica,largo_plazo,poco,alto,poco,alto,media_baja
no_aplica,medio,medio,estandar,alto,alto,poco,alto,media_baja
no_aplica,poco,poco,largo_plazo,poco,medio,medio,alto,media_alta
no_aplica,no_aplica,no_aplica,muy_temprana,medio,medio,poco,alto,baja
no_aplica,no_aplica,no_aplica,muy_temprana,medio,medio,alto,alto,baja
medio,medio,poco,estandar,poco,medio,poco,alto,media_alta
poco,poco,alto,madura,alto,poco,medio,poco,alta
no_aplica,poco,alto,estandar,medio,alto,poco,poco,media_baja
poco,no_aplica,medio,estandar,alto,poco,alto,poco,alta
alto,alto,poco,estandar,poco,medio,poco,poco,media_baja
no_aplica,medio,medio,muy_temprana,poco,poco,alto,alto,media_baja
no_aplica,poco,alto,largo_plazo,poco,poco,alto,alto,media_alta
no_aplica,medio,poco,muy_temprana,poco,poco,alto,alto,baja
alto,no_aplica,alto,muy_temprana,alto,medio,poco,poco,media_baja
alto,no_aplica,medio,largo_plazo,alto,poco,poco,medio,alta
no_aplica,no_aplica,no_aplica,estandar,alto,medio,alto,alto,media_baja
poco,alto,poco,largo_plazo,poco,poco,alto,medio,alta
alto,no_aplica,alto,estandar,alto,medio,poco,poco,alta
medio,no_aplica,poco,estandar,alto,poco,alto,poco,alta
no_aplica,medio,poco,estandar,alto,medio,alto,poco,media_alta
no_aplica,no_aplica,no_aplica,largo_plazo,alto,medio,poco,alto,media_alta
no_aplica,poco,alto,muy_temprana,medio,poco,medio,alto,media_alta
no_aplica,poco,poco,muy_temprana,poco,poco,medio,alto,media_baja
no_aplica,medio,poco,madura,poco,alto,alto,medio,media_baja
alto,no_aplica,alto,estandar,poco,poco,alto,poco,media_alta
poco,medio,poco,largo_plazo,poco,poco,alto,medio,media_alta
alto,no_aplica,no_aplica,largo_plazo,poco,medio,poco,alto,media_baja
alto,no_aplica,alto,muy_temprana,alto,poco,poco,alto,media_baja
no_aplica,medio,poco,madura,poco,poco,alto,medio,media_alta
no_aplica,no_aplica,no_aplica,muy_temprana,alto,medio,alto,alto,baja
poco,no_aplica,alto,muy_temprana,alto,poco,poco,alto,media_baja
poco,no_aplica,alto,estandar,alto,poco,poco,alto,alta
alto,no_aplica,medio,estandar,alto,poco,poco,medio,alta
poco,poco,medio,estandar,medio,medio,poco,medio,media_alta
alto,no_aplica,medio,muy_temprana,alto,poco,poco,medio,media_baja
alto,no_aplica,no_aplica,estandar,alto,medio,medio,poco,media_alta
no_aplica,no_aplica,no_aplica,muy_temprana,alto,medio,poco,poco,media_baja
no_aplica,no_aplica,no_aplica,largo_plazo,alto,medio,alto,alto,media_alta
no_aplica,no_aplica,no_aplica,muy_temprana,alto,poco,alto,poco,alta
alto,no_aplica,no_aplica,muy_temprana,poco,medio,poco,alto,baja
no_aplica,no_aplica,no_aplica,muy_temprana,medio,medio,alto,medio,baja
alto,no_aplica,no_aplica,muy_temprana,poco,medio,poco,alto,baja
alto,no_aplica,medio,estandar,alto,medio,poco,medio,alta
alto,no_aplica,no_aplica,estandar,poco,medio,medio,poco,media_alta
no_aplica,no_aplica,no_aplica,muy_temprana,medio,medio,medio,alto,baja
no_aplica,no_aplica,no_aplica,muy_temprana,alto,medio,medio,medio,media_baja
poco,no_aplica,alto,largo_plazo,alto,poco,poco,alto,alta
alto,no_aplica,alto,madura,alto,poco,poco,medio,alta
no_aplica,medio,medio,estandar,medio,poco,alto,medio,alta
alto,no_aplica,no_aplica,muy_temprana,poco,alto,medio,poco,baja
no_aplica,poco,poco,madura,medio,medio,poco,alto,media_alta
poco,no_aplica,alto,estandar,alto,poco,poco,alto,alta
no_aplica,medio,medio,muy_temprana,medio,poco,alto,medio,media_alta
alto,no_aplica,no_aplica,muy_temprana,medio,medio,poco,poco,baja
no_aplica,no_aplica,no_aplica,largo_plazo,medio,medio,medio,alto,media_alta
poco,alto,poco,estandar,poco,medio,alto,poco,baja
poco,alto,medio,largo_plazo,poco,poco,alto,poco,alta
no_aplica,alto,alto,estandar,poco,poco,alto,poco,baja
no_aplica,medio,poco,muy_temprana,poco,alto,alto,medio,media_baja
no_aplica,poco,medio,muy_temprana,medio,poco,medio,alto,media_baja
no_aplica,poco,alto,largo_plazo,medio,poco,medio,alto,alta
no_aplica,no_aplica,no_aplica,muy_temprana,alto,medio,poco,alto,media_baja
no_aplica,no_aplica,no_aplica,muy_temprana,alto,medio,medio,medio,baja
alto,no_aplica,no_aplica,largo_plazo,poco,medio,poco,poco,alta
no_aplica,poco,alto,largo_plazo,medio,poco,medio,alto,alta
no_aplica,no_aplica,no_aplica,largo_plazo,alto,alto,poco,poco,media_alta
no_aplica,poco,alto,estandar,medio,poco,medio,medio,media_alta
alto,no_aplica,no_aplica,estandar,medio,alto,medio,poco,media_alta
no_aplica,no_aplica,no_aplica,largo_plazo,alto,alto,poco,poco,alta
alto,no_aplica,no_aplica,estandar,poco,medio,alto,poco,media_baja
alto,no_aplica,no_aplica,estandar,medio,medio,medio,poco,media_baja
no_aplica,medio,medio,muy_temprana,medio,poco,alto,poco,media_alta
no_aplica,poco,poco,estandar,poco,poco,medio,alto,media_alta
no_aplica,medio,medio,largo_plazo,medio,poco,alto,poco,alta
alto,no_aplica,no_aplica,muy_temprana,poco,medio,alto,poco,baja
alto,no_aplica,no_aplica,muy_temprana,alto,medio,medio,poco,media_baja
no_aplica,no_aplica,no_aplica,estandar,alto,medio,alto,poco,media_baja
no_aplica,no_aplica,no_aplica,largo_plazo,alto,medio,alto,poco,alta
no_aplica,poco,medio,largo_plazo,medio,poco,medio,alto,alta
alto,medio,poco,estandar,poco,alto,poco,poco,media_alta
medio,no_aplica,poco,estandar,poco,medio,alto,alto,baja
poco,alto,poco,madura,poco,poco,alto,medio,alta
poco,alto,poco,madura,poco,poco,alto,medio,media_baja
alto,no_aplica,no_aplica,largo_plazo,poco,medio,poco,alto,media_baja
poco,no_aplica,alto,madura,alto,poco,poco,alto,alta
no_aplica,no_aplica,no_aplica,muy_temprana,alto,medio,alto,alto,baja
poco,alto,medio,estandar,alto,poco,poco,poco,alta
no_aplica,alto,alto,estandar,poco,poco,poco,alto,baja
medio,no_aplica,poco,estandar,alto,poco,alto,alto,media_alta
poco,alto,alto,muy_temprana,alto,poco,poco,medio,media_alta
no_aplica,medio,poco,muy_temprana,medio,alto,alto,poco,baja
poco,medio,poco,muy_temprana,poco,poco,alto,medio,baja
poco,poco,poco,estandar,medio,alto,poco,medio,media_alta
no_aplica,alto,poco,muy_temprana,poco,poco,alto,medio,baja
no_aplica,no_aplica,no_aplica,largo_plazo,alto,alto,poco,poco,media_alta
no_aplica,no_aplica,no_aplica,estandar,alto,alto,alto,poco,media_alta
alto,no_aplica,medio,muy_temprana,alto,poco,poco,medio,media_alta
poco,no_aplica,no_aplica,largo_plazo,medio,alto,poco,poco,alta
alto,no_aplica,medio,estandar,alto,poco,poco,medio,alta
poco,medio,poco,estandar,poco,medio,poco,alto,media_baja
no_aplica,no_aplica,no_aplica,muy_temprana,alto,medio,alto,poco,media_baja
medio,no_aplica,poco,estandar,alto,poco,alto,alto,media_alta
alto,no_aplica,alto,estandar,poco,medio,medio,medio,media_baja
no_aplica,no_aplica,alto,estandar,alto,poco,poco,alto,alta
alto,no_aplica,no_aplica,muy_temprana,poco,alto,medio,medio,baja
no_aplica,poco,alto,estandar,medio,poco,medio,medio,media_alta
alto,no_aplica,poco,largo_plazo,alto,medio,alto,poco,alta
no_aplica,no_aplica,no_aplica,muy_temprana,alto,alto,medio,medio,baja
poco,no_aplica,alto,largo_plazo,alto,poco,poco,alto,alta
no_aplica,medio,alto,muy_temprana,poco,poco,alto,medio,baja
no_aplica,no_aplica,no_aplica,muy_temprana,alto,medio,alto,medio,baja
no_aplica,no_aplica,no_aplica,estandar,medio,medio,medio,alto,media_baja
no_aplica,no_aplica,no_aplica,estandar,medio,medio,alto,medio,baja
poco,poco,poco,estandar,poco,medio,alto,medio,media_alta
poco,alto,poco,muy_temprana,poco,poco,alto,medio,media_baja
poco,alto,poco,muy_temprana,poco,alto,poco,medio,baja
poco,no_aplica,alto,largo_plazo,alto,poco,poco,alto,alta
no_aplica,no_aplica,no_aplica,largo_plazo,poco,alto,medio,alto,media_baja
no_aplica,medio,poco,muy_temprana,medio,medio,alto,medio,media_baja
no_aplica,no_aplica,poco,estandar,alto,poco,poco,medio,media_alta
poco,medio,medio,madura,poco,poco,alto,medio,alta
alto,no_aplica,no_aplica,largo_plazo,poco,medio,alto,alto,media_alta
no_aplica,no_aplica,no_aplica,largo_plazo,alto,alto,medio,medio,media_baja
alto,no_aplica,no_aplica,largo_plazo,medio,alto,poco,poco,media_alta
no_aplica,alto,alto,estandar,poco,poco,poco,alto,baja
medio,alto,poco,muy_temprana,poco,medio,alto,poco,baja
poco,medio,poco,muy_temprana,alto,alto,poco,poco,media_baja
no_aplica,medio,medio,madura,medio,poco,alto,poco,alta
no_aplica,no_aplica,no_aplica,estandar,alto,medio,alto,poco,media_alta
no_aplica,poco,poco,muy_temprana,poco,alto,poco,alto,baja
no_aplica,no_aplica,no_aplica,muy_temprana,medio,medio,alto,alto,baja
no_aplica,no_aplica,alto,muy_temprana,alto,poco,poco,alto,media_alta
poco,poco,alto,estandar,medio,poco,poco,medio,alta
poco,no_aplica,alto,madura,alto,poco,poco,alto,alta
poco,no_aplica,medio,estandar,alto,medio,poco,medio,alta
no_aplica,medio,poco,madura,poco,poco,alto,medio,media_alta
no_aplica,medio,poco,estandar,medio,alto,alto,poco,media_baja
poco,poco,alto,muy_temprana,alto,poco,medio,poco,media_baja
poco,alto,poco,largo_plazo,poco,poco,alto,medio,alta
poco,medio,poco,muy_temprana,alto,alto,poco,poco,media_baja
no_aplica,medio,medio,largo_plazo,medio,poco,alto,medio,alta
no_aplica,no_aplica,no_aplica,largo_plazo,alto,alto,medio,medio,media_alta
alto,no_aplica,alto,muy_temprana,alto,medio,poco,poco,media_alta
alto,no_aplica,medio,estandar,alto,poco,poco,medio,alta
poco,no_aplica,no_aplica,largo_plazo,alto,alto,poco,poco,media_alta
alto,no_aplica,no_aplica,muy_temprana,poco,medio,poco,alto,baja
no_aplica,no_aplica,poco,estandar,alto,poco,poco,medio,media_alta
alto,no_aplica,alto,largo_plazo,medio,poco,alto,alto,alta
poco,poco,alto,largo_plazo,medio,poco,alto,medio,alta
poco,poco,alto,muy_temprana,alto,poco,poco,alto,media_alta
poco,alto,poco,muy_temprana,poco,poco,alto,medio,baja
medio,poco,poco,estandar,poco,alto,poco,poco,media_alta
no_aplica,no_aplica,no_aplica,muy_temprana,alto,alto,alto,medio,media_baja
no_aplica,no_aplica,no_aplica,muy_temprana,alto,medio,alto,poco,baja
poco,no_aplica,no_aplica,muy_temprana,poco,medio,poco,alto,baja
no_aplica,poco,medio,largo_plazo,poco,poco,alto,alto,media_alta
poco,alto,medio,madura,alto,poco,poco,poco,alta
no_aplica,no_aplica,no_aplica,largo_plazo,alto,medio,alto,alto,media_alta
alto,no_aplica,alto,estandar,poco,poco,alto,poco,media_alta
poco,no_aplica,poco,estandar,medio,poco,medio,medio,media_alta
no_aplica,poco,poco,estandar,alto,poco,alto,poco,alta
poco,poco,alto,muy_temprana,alto,poco,medio,poco,media_baja
alto,no_aplica,alto,estandar,alto,poco,poco,medio,alta
no_aplica,medio,poco,muy_temprana,poco,poco,alto,medio,media_baja
poco,alto,alto,muy_temprana,alto,poco,poco,medio,media_baja
no_aplica,no_aplica,no_aplica,largo_plazo,alto,medio,alto,poco,alta
poco,poco,poco,estandar,medio,alto,poco,poco,media_baja
no_aplica,poco,medio,madura,medio,poco,medio,alto,media_alta
poco,poco,poco,estandar,poco,medio,alto,medio,media_alta
no_aplica,no_aplica,no_aplica,muy_temprana,medio,medio,alto,medio,baja
no_aplica,no_aplica,no_aplica,muy_temprana,medio,medio,medio,alto,baja
no_aplica,medio,poco,largo_plazo,poco,alto,alto,medio,media_alta
no_aplica,no_aplica,alto,muy_temprana,alto,poco,poco,alto,media_alta
alto,alto,alto,estandar,poco,medio,poco,poco,media_baja
no_aplica,no_aplica,poco,estandar,alto,medio,medio,alto,media_alta
no_aplica,medio,alto,estandar,alto,medio,poco,medio,media_alta
poco,no_aplica,no_aplica,largo_plazo,alto,alto,poco,poco,alta
alto,no_aplica,poco,estandar,alto,medio,poco,medio,alta
alto,alto,medio,estandar,poco,alto,poco,poco,media_baja
no_aplica,no_aplica,no_aplica,estandar,alto,poco,alto,poco,alta
poco,poco,poco,estandar,medio,alto,poco,alto,media_baja
no_aplica,poco,poco,largo_plazo,medio,medio,medio,alto,media_alta
no_aplica,no_aplica,no_aplica,muy_temprana,medio,medio,alto,medio,baja
no_aplica,alto,alto,estandar,poco,medio,medio,alto,baja
no_aplica,poco,poco,muy_temprana,medio,medio,poco,alto,baja
medio,no_aplica,no_aplica,estandar,alto,alto,poco,poco,media_baja
no_aplica,alto,alto,estandar,poco,poco,alto,medio,media_alta
poco,poco,medio,estandar,medio,alto,poco,poco,media_alta
no_aplica,poco,alto,estandar,medio,alto,poco,medio,media_baja
medio,medio,poco,estandar,poco,medio,alto,poco,media_baja
no_aplica,alto,alto,estandar,poco,poco,alto,alto,baja
no_aplica,poco,alto,muy_temprana,medio,poco,alto,alto,baja
no_aplica,no_aplica,no_aplica,muy_temprana,alto,medio,poco,alto,baja
no_aplica,medio,medio,estandar,alto,poco,poco,medio,media_alta
poco,no_aplica,no_aplica,muy_temprana,poco,medio,poco,alto,baja
poco,no_aplica,no_aplica,largo_plazo,alto,alto,poco,poco,media_alta
no_aplica,medio,poco,madura,medio,medio,alto,medio,media_alta
medio,medio,poco,madura,poco,medio,alto,poco,media_alta
no_aplica,poco,medio,estandar,medio,alto,medio,poco,media_baja
alto,no_aplica,no_aplica,estandar,medio,medio,alto,poco,media_baja
no_aplica,alto,alto,muy_temprana,poco,poco,alto,medio,media_baja
medio,poco,poco,estandar,poco,alto,poco,medio,media_baja
no_aplica,no_aplica,no_aplica,largo_plazo,medio,medio,alto,medio,media_baja
no_aplica,no_aplica,no_aplica,muy_temprana,alto,medio,poco,alto,baja
no_aplica,no_aplica,no_aplica,muy_temprana,medio,medio,poco,alto,baja
no_aplica,poco,poco,largo_plazo,poco,poco,alto,alto,media_alta
poco,poco,alto,estandar,alto,poco,poco,alto,media_alta
poco,poco,poco,estandar,medio,medio,poco,poco,media_alta
alto,alto,medio,estandar,poco,alto,poco,poco,media_alta
no_aplica,no_aplica,no_aplica,estandar,alto,medio,alto,poco,media_alta
alto,no_aplica,alto,estandar,poco,medio,medio,medio,media_baja
poco,no_aplica,no_aplica,muy_temprana,alto,alto,poco,poco,media_alta
alto,no_aplica,no_aplica,muy_temprana,poco,medio,poco,poco,baja
poco,alto,alto,madura,alto,poco,poco,medio,alta
no_aplica,poco,poco,muy_temprana,medio,medio,medio,alto,media_baja
no_aplica,medio,poco,largo_plazo,medio,alto,alto,poco,media_alta
medio,poco,poco,estandar,poco,alto,poco,poco,media_alta
no_aplica,no_aplica,no_aplica,muy_temprana,poco,alto,medio,alto,baja
no_aplica,alto,poco,largo_plazo,poco,medio,alto,medio,media_baja
no_aplica,no_aplica,no_aplica,estandar,alto,medio,alto,alto,media_baja
no_aplica,no_aplica,no_aplica,largo_plazo,alto,medio,alto,alto,media_alta
no_aplica,no_aplica,no_aplica,largo_plazo,medio,medio,poco,alto,media_baja
poco,alto,alto,estandar,alto,medio,medio,poco,media_alta
no_aplica,no_aplica,no_aplica,largo_plazo,alto,alto,poco,poco,alta
no_aplica,no_aplica,no_aplica,estandar,alto,medio,alto,poco,media_alta
no_aplica,no_aplica,no_aplica,muy_temprana,alto,medio,alto,alto,baja
no_aplica,medio,alto,largo_plazo,medio,poco,alto,medio,alta
no_aplica,no_aplica,no_aplica,muy_temprana,medio,medio,alto,medio,baja
no_aplica,no_aplica,no_aplica,muy_temprana,alto,medio,alto,poco,media_baja
no_aplica,no_aplica,no_aplica,largo_plazo,medio,alto,medio,alto,media_baja
alto,no_aplica,no_aplica,largo_plazo,poco,alto,poco,poco,alta
poco,poco,alto,madura,alto,poco,poco,alto,media_alta
no_aplica,no_aplica,no_aplica,estandar,alto,alto,medio,medio,media_baja
poco,no_aplica,no_aplica,largo_plazo,medio,alto,poco,poco,media_alta
no_aplica,no_aplica,no_aplica,estandar,medio,medio,alto,medio,media_baja
no_aplica,no_aplica,no_aplica,muy_temprana,alto,alto,alto,poco,media_alta
no_aplica,medio,poco,muy_temprana,poco,medio,alto,medio,baja
alto,no_aplica,alto,muy_temprana,alto,poco,poco,medio,media_baja
no_aplica,alto,poco,estandar,poco,medio,alto,medio,media_baja
alto,no_aplica,no_aplica,estandar,poco,medio,medio,poco,media_baja
no_aplica,poco,medio,estandar,medio,poco,medio,alto,media_alta
no_aplica,no_aplica,no_aplica,largo_plazo,medio,alto,medio,alto,media_baja
no_aplica,medio,poco,madura,poco,alto,alto,medio,media_baja
alto,no_aplica,alto,largo_plazo,alto,poco,poco,medio,alta
poco,medio,poco,muy_temprana,alto,alto,poco,poco,media_baja
alto,no_aplica,no_aplica,largo_plazo,poco,alto,poco,poco,media_alta
alto,no_aplica,medio,muy_temprana,alto,poco,poco,medio,media_alta
no_aplica,medio,medio,muy_temprana,medio,poco,alto,medio,media_baja
poco,poco,alto,madura,alto,poco,medio,poco,alta
poco,poco,medio,estandar,medio,alto,poco,medio,media_baja
poco,alto,poco,madura,poco,poco,alto,alto,media_alta
no_aplica,no_aplica,no_aplica,estandar,medio,medio,alto,alto,media_baja
no_aplica,poco,alto,madura,medio,poco,medio,alto,alta
no_aplica,no_aplica,no_aplica,largo_plazo,alto,alto,poco,poco,alta
alto,no_aplica,no_aplica,muy_temprana,poco,alto,poco,alto,baja
poco,alto,alto,madura,alto,poco,poco,medio,alta
medio,poco,poco,estandar,medio,alto,poco,poco,alta
no_aplica,no_aplica,no_aplica,muy_temprana,alto,medio,alto,alto,baja
poco,poco,alto,estandar,alto,poco,medio,poco,alta
no_aplica,medio,poco,estandar,poco,alto,alto,medio,media_baja
alto,no_aplica,alto,muy_temprana,alto,poco,poco,medio,alta
poco,alto,poco,estandar,poco,poco,alto,medio,media_baja
alto,no_aplica,no_aplica,estandar,poco,medio,alto,poco,media_baja
no_aplica,no_aplica,no_aplica,muy_temprana,alto,medio,poco,poco,media_baja
poco,poco,poco,estandar,medio,medio,poco,poco,media_baja
medio,no_aplica,poco,estandar,medio,alto,poco,poco,media_baja
poco,poco,alto,muy_temprana,alto,poco,medio,poco,alta
alto,no_aplica,no_aplica,muy_temprana,poco,medio,alto,poco,baja
medio,no_aplica,alto,estandar,alto,poco,alto,poco,alta
no_aplica,poco,poco,muy_temprana,medio,medio,poco,alto,media_baja
no_aplica,no_aplica,no_aplica,largo_plazo,alto,medio,medio,alto,media_alta
poco,poco,poco,estandar,medio,medio,poco,poco,media_baja
no_aplica,alto,alto,largo_plazo,poco,poco,alto,medio,alta
no_aplica,medio,alto,estandar,poco,poco,alto,medio,media_baja
medio,no_aplica,poco,estandar,alto,medio,alto,poco,media_alta
no_aplica,no_aplica,no_aplica,estandar,alto,medio,alto,poco,media_alta
no_aplica,alto,poco,estandar,poco,poco,alto,medio,media_baja
no_aplica,poco,poco,largo_plazo,medio,medio,medio,alto,media_alta
medio,no_aplica,no_aplica,estandar,poco,alto,medio,medio,media_baja
alto,alto,poco,estandar,poco,medio,poco,poco,media_baja
no_aplica,medio,poco,estandar,poco,poco,alto,medio,media_baja
alto,no_aplica,no_aplica,muy_temprana,poco,alto,medio,poco,baja
no_aplica,medio,poco,estandar,poco,alto,alto,medio,media_baja
no_aplica,poco,alto,madura,medio,poco,alto,alto,media_alta
alto,no_aplica,no_aplica,estandar,poco,alto,medio,poco,media_baja
no_aplica,no_aplica,no_aplica,estandar,alto,medio,poco,poco,media_alta
no_aplica,no_aplica,no_aplica,estandar,medio,medio,alto,medio,baja
no_aplica,no_aplica,poco,estandar,alto,poco,medio,alto,alta
poco,alto,alto,muy_temprana,alto,poco,poco,medio,media_baja
medio,no_aplica,no_aplica,estandar,poco,medio,alto,poco,media_baja
poco,poco,alto,muy_temprana,medio,poco,alto,medio,media_alta
poco,alto,poco,muy_temprana,poco,poco,alto,medio,baja
no_aplica,no_aplica,no_aplica,muy_temprana,medio,medio,poco,alto,baja
poco,alto,poco,estandar,poco,poco,alto,alto,media_baja
alto,no_aplica,no_aplica,estandar,poco,alto,poco,alto,baja
alto,no_aplica,no_aplica,estandar,poco,alto,medio,poco,media_baja
no_aplica,no_aplica,no_aplica,muy_temprana,alto,alto,medio,medio,baja
no_aplica,medio,poco,madura,medio,medio,alto,medio,media_alta
poco,medio,alto,muy_temprana,poco,poco,alto,medio,media_baja
no_aplica,alto,medio,estandar,poco,alto,alto,poco,baja
no_aplica,no_aplica,no_aplica,muy_temprana,alto,alto,alto,poco,baja
medio,no_aplica,no_aplica,largo_plazo,poco,medio,medio,alto,media_alta
medio,medio,medio,estandar,poco,alto,poco,poco,baja
alto,no_aplica,alto,muy_temprana,alto,poco,poco,alto,media_baja
no_aplica,no_aplica,no_aplica,estandar,alto,medio,poco,alto,media_baja
no_aplica,no_aplica,no_aplica,muy_temprana,alto,medio,alto,medio,baja
no_aplica,poco,poco,largo_plazo,medio,medio,poco,alto,media_alta
alto,no_aplica,no_aplica,muy_temprana,poco,medio,medio,poco,baja
alto,alto,alto,estandar,poco,medio,poco,poco,media_baja
poco,poco,medio,estandar,medio,medio,poco,medio,media_alta
no_aplica,poco,poco,muy_temprana,poco,alto,poco,alto,media_baja
medio,no_aplica,alto,largo_plazo,alto,poco,alto,poco,alta
alto,no_aplica,alto,estandar,alto,poco,poco,medio,alta
poco,alto,poco,estandar,alto,medio,poco,poco,alta
no_aplica,medio,poco,muy_temprana,poco,medio,alto,medio,baja
medio,no_aplica,no_aplica,muy_temprana,poco,medio,medio,alto,baja
poco,poco,medio,estandar,medio,medio,poco,poco,media_alta
alto,medio,alto,estandar,poco,poco,poco,medio,media_baja
poco,poco,poco,estandar,poco,medio,medio,medio,media_baja
no_aplica,medio,poco,muy_temprana,medio,medio,alto,medio,baja
alto,no_aplica,poco,estandar,poco,alto,alto,poco,media_baja
alto,no_aplica,medio,estandar,poco,alto,alto,poco,baja
poco,alto,medio,muy_temprana,poco,poco,alto,poco,baja
no_aplica,no_aplica,no_aplica,estandar,medio,medio,alto,medio,media_baja
no_aplica,alto,alto,estandar,poco,poco,alto,poco,baja
alto,alto,medio,estandar,poco,alto,poco,poco,media_baja
no_aplica,no_aplica,no_aplica,muy_temprana,alto,poco,alto,poco,alta
poco,poco,poco,estandar,medio,alto,poco,medio,media_alta
no_aplica,no_aplica,no_aplica,largo_plazo,medio,medio,alto,alto,media_alta
no_aplica,poco,alto,estandar,medio,alto,poco,poco,media_baja
medio,no_aplica,no_aplica,estandar,poco,alto,medio,poco,media_baja
no_aplica,no_aplica,no_aplica,largo_plazo,alto,medio,poco,poco,alta
no_aplica,no_aplica,no_aplica,muy_temprana,alto,medio,alto,poco,media_baja
alto,no_aplica,no_aplica,muy_temprana,poco,medio,medio,poco,baja
medio,no_aplica,no_aplica,estandar,poco,medio,medio,alto,media_baja
no_aplica,no_aplica,no_aplica,estandar,alto,poco,alto,medio,alta
poco,medio,poco,estandar,alto,alto,poco,poco,alta
no_aplica,no_aplica,poco,estandar,alto,poco,poco,alto,alta
no_aplica,no_aplica,no_aplica,estandar,alto,medio,alto,medio,media_baja
medio,medio,alto,estandar,poco,medio,medio,poco,media_baja
medio,no_aplica,alto,muy_temprana,alto,poco,alto,poco,media_alta
no_aplica,no_aplica,no_aplica,estandar,medio,medio,alto,medio,media_baja
no_aplica,no_aplica,no_aplica,muy_temprana,medio,medio,poco,alto,baja
alto,no_aplica,no_aplica,largo_plazo,medio,alto,medio,poco,media_alta
no_aplica,medio,poco,muy_temprana,medio,medio,alto,medio,media_baja
no_aplica,poco,poco,madura,poco,poco,medio,alto,media_alta
alto,no_aplica,no_aplica,estandar,poco,alto,poco,poco,media_alta
medio,medio,poco,largo_plazo,poco,medio,alto,poco,alta
no_aplica,no_aplica,no_aplica,largo_plazo,alto,alto,poco,poco,alta
poco,medio,alto,estandar,poco,poco,alto,medio,media_baja
no_aplica,alto,poco,estandar,poco,alto,poco,alto,baja
poco,poco,poco,largo_plazo,poco,medio,alto,medio,alta
no_aplica,no_aplica,no_aplica,muy_temprana,poco,alto,medio,alto,baja
poco,poco,poco,muy_temprana,poco,medio,alto,medio,baja
alto,no_aplica,no_aplica,muy_temprana,poco,medio,poco,alto,baja
alto,no_aplica,no_aplica,estandar,poco,medio,alto,medio,baja
medio,no_aplica,no_aplica,largo_plazo,poco,medio,medio,alto,media_alta
no_aplica,no_aplica,no_aplica,muy_temprana,medio,medio,alto,medio,baja
no_aplica,no_aplica,no_aplica,muy_temprana,alto,medio,medio,medio,baja
poco,poco,alto,estandar,alto,poco,medio,alto,alta
poco,poco,alto,madura,alto,poco,medio,poco,alta
no_aplica,no_aplica,no_aplica,largo_plazo,alto,poco,alto,poco,alta
alto,no_aplica,no_aplica,largo_plazo,poco,medio,alto,alto,media_alta
poco,no_aplica,no_aplica,largo_plazo,alto,alto,poco,poco,alta
no_aplica,no_aplica,poco,estandar,alto,medio,medio,alto,media_alta
poco,poco,medio,estandar,poco,alto,poco,alto,baja
poco,alto,poco,muy_temprana,medio,medio,poco,medio,baja
alto,no_aplica,poco,estandar,alto,medio,alto,poco,alta
no_aplica,medio,poco,muy_temprana,poco,poco,alto,medio,media_baja
alto,no_aplica,poco,estandar,medio,poco,alto,poco,alta
alto,no_aplica,no_aplica,muy_temprana,medio,medio,poco,poco,media_baja
alto,no_aplica,no_aplica,muy_temprana,poco,alto,medio,poco,baja
no_aplica,alto,poco,madura,poco,medio,alto,medio,media_baja
alto,no_aplica,poco,estandar,alto,alto,poco,medio,alta
poco,poco,medio,estandar,poco,alto,poco,alto,baja
poco,medio,medio,muy_temprana,poco,poco,alto,medio,media_alta
no_aplica,poco,alto,estandar,medio,alto,poco,medio,media_baja
poco,no_aplica,alto,muy_temprana,alto,poco,poco,alto,media_alta
alto,no_aplica,alto,estandar,poco,medio,poco,alto,media_alta
medio,poco,medio,estandar,medio,poco,poco,alto,alta
no_aplica,poco,poco,muy_temprana,medio,medio,medio,alto,baja
poco,poco,alto,muy_temprana,alto,poco,poco,alto,media_alta
no_aplica,no_aplica,no_aplica,largo_plazo,poco,alto,medio,alto,media_baja
alto,no_aplica,medio,estandar,poco,alto,alto,poco,baja
poco,no_aplica,no_aplica,largo_plazo,poco,medio,poco,alto,media_baja
no_aplica,medio,poco,largo_plazo,poco,alto,alto,medio,media_alta
poco,poco,alto,muy_temprana,alto,poco,poco,alto,media_baja
no_aplica,no_aplica,no_aplica,largo_plazo,alto,medio,poco,medio,alta
no_aplica,no_aplica,no_aplica,muy_temprana,alto,medio,alto,poco,media_baja
alto,no_aplica,no_aplica,largo_plazo,poco,alto,medio,poco,alta
no_aplica,alto,medio,estandar,poco,poco,alto,medio,media_alta
alto,no_aplica,no_aplica,muy_temprana,poco,medio,alto,alto,baja
no_aplica,no_aplica,no_aplica,estandar,alto,medio,alto,medio,media_baja
no_aplica,alto,no_aplica,muy_temprana,poco,poco,alto,alto,baja
alto,no_aplica,no_aplica,estandar,medio,medio,alto,poco,media_baja
poco,poco,alto,estandar,alto,poco,medio,poco,media_alta
medio,medio,poco,muy_temprana,poco,medio,alto,poco,baja
poco,alto,medio,muy_temprana,alto,poco,poco,poco,media_alta
no_aplica,no_aplica,no_aplica,largo_plazo,alto,alto,medio,medio,media_alta
alto,no_aplica,no_aplica,largo_plazo,poco,alto,poco,poco,alta
alto,no_aplica,alto,muy_temprana,alto,poco,poco,medio,alta
no_aplica,medio,poco,muy_temprana,poco,alto,alto,medio,baja
alto,alto,poco,estandar,poco,alto,poco,poco,media_baja
poco,no_aplica,alto,largo_plazo,alto,poco,poco,alto,alta
no_aplica,medio,poco,estandar,alto,medio,alto,poco,media_alta
medio,medio,alto,estandar,medio,poco,poco,poco,media_alta
poco,poco,alto,estandar,alto,poco,poco,alto,alta
no_aplica,alto,alto,estandar,poco,medio,poco,alto,baja
no_aplica,alto,alto,estandar,alto,poco,poco,medio,alta
medio,no_aplica,no_aplica,muy_temprana,poco,medio,alto,poco,baja
no_aplica,medio,poco,estandar,medio,medio,alto,medio,media_baja
alto,no_aplica,no_aplica,muy_temprana,poco,alto,medio,medio,baja
no_aplica,medio,poco,estandar,alto,alto,poco,poco,media_alta
no_aplica,no_aplica,no_aplica,largo_plazo,alto,alto,alto,poco,alta
poco,alto,poco,madura,medio,medio,poco,medio,media_alta
medio,no_aplica,medio,estandar,medio,poco,poco,alto,media_alta
no_aplica,no_aplica,no_aplica,largo_plazo,alto,medio,medio,alto,media_alta
no_aplica,no_aplica,no_aplica,muy_temprana,alto,medio,medio,alto,baja
poco,no_aplica,no_aplica,estandar,medio,alto,poco,poco,media_alta
alto,no_aplica,no_aplica,muy_temprana,poco,medio,medio,poco,media_baja
alto,poco,poco,estandar,poco,alto,poco,medio,media_baja
no_aplica,no_aplica,no_aplica,muy_temprana,alto,alto,alto,poco,media_baja
no_aplica,poco,medio,muy_temprana,medio,poco,medio,alto,media_baja
medio,no_aplica,medio,estandar,medio,poco,poco,alto,media_alta
poco,medio,poco,muy_temprana,alto,alto,poco,poco,media_alta
alto,no_aplica,no_aplica,estandar,medio,medio,alto,poco,media_baja
alto,no_aplica,medio,muy_temprana,alto,poco,poco,medio,media_baja
no_aplica,no_aplica,poco,estandar,alto,poco,alto,poco,alta
no_aplica,no_aplica,no_aplica,muy_temprana,medio,medio,alto,medio,baja
no_aplica,no_aplica,no_aplica,estandar,alto,medio,alto,poco,media_baja
alto,no_aplica,poco,madura,alto,medio,alto,poco,alta
alto,no_aplica,alto,madura,alto,poco,poco,medio,alta
no_aplica,medio,poco,estandar,poco,medio,alto,medio,media_baja
alto,no_aplica,poco,estandar,poco,alto,poco,medio,media_baja
no_aplica,no_aplica,no_aplica,estandar,alto,alto,poco,poco,media_baja
alto,alto,poco,estandar,poco,alto,poco,poco,media_baja
poco,alto,poco,muy_temprana,poco,poco,alto,medio,baja
alto,no_aplica,no_aplica,largo_plazo,medio,alto,medio,poco,alta
no_aplica,no_aplica,poco,estandar,alto,alto,alto,poco,media_alta
poco,alto,poco,largo_plazo,poco,poco,alto,medio,media_alta
no_aplica,no_aplica,no_aplica,estandar,alto,medio,medio,alto,media_baja
poco,alto,alto,estandar,alto,poco,poco,medio,alta
poco,no_aplica,no_aplica,estandar,alto,alto,poco,poco,media_alta
no_aplica,no_aplica,no_aplica,estandar,alto,medio,alto,medio,media_baja
no_aplica,no_aplica,no_aplica,muy_temprana,medio,alto,medio,alto,baja
alto,alto,poco,estandar,poco,medio,poco,alto,media_baja
no_aplica,no_aplica,no_aplica,muy_temprana,alto,alto,alto,poco,media_baja
alto,no_aplica,alto,largo_plazo,alto,medio,poco,poco,alta
no_aplica,poco,medio,madura,poco,poco,alto,alto,media_alta
medio,no_aplica,no_aplica,muy_temprana,poco,alto,medio,medio,baja
no_aplica,poco,alto,madura,medio,poco,medio,alto,media_alta
no_aplica,medio,medio,madura,medio,poco,alto,medio,alta
no_aplica,poco,poco,muy_temprana,poco,poco,medio,alto,baja
no_aplica,no_aplica,no_aplica,estandar,poco,alto,medio,alto,baja
alto,no_aplica,poco,estandar,alto,alto,poco,alto,alta
no_aplica,no_aplica,poco,estandar,alto,medio,poco,poco,alta
poco,alto,poco,estandar,poco,alto,poco,medio,media_baja
alto,no_aplica,no_aplica,muy_temprana,poco,medio,medio,poco,baja
no_aplica,alto,alto,estandar,poco,medio,poco,alto,baja
no_aplica,no_aplica,no_aplica,largo_plazo,alto,alto,medio,medio,media_baja
poco,medio,poco,estandar,alto,alto,poco,poco,alta
medio,medio,poco,largo_plazo,poco,medio,alto,poco,alta
medio,alto,poco,estandar,poco,medio,alto,poco,media_alta
no_aplica,no_aplica,alto,madura,alto,poco,poco,alto,alta
no_aplica,no_aplica,no_aplica,muy_temprana,alto,alto,medio,medio,baja
no_aplica,no_aplica,no_aplica,estandar,alto,alto,poco,poco,media_alta
no_aplica,medio,alto,madura,poco,poco,alto,medio,media_alta
no_aplica,poco,alto,largo_plazo,medio,poco,alto,alto,media_alta
no_aplica,poco,poco,madura,poco,medio,medio,alto,media_baja
alto,no_aplica,no_aplica,estandar,poco,medio,alto,poco,alta
no_aplica,poco,poco,estandar,medio,medio,poco,alto,media_alta
alto,alto,alto,estandar,poco,poco,poco,poco,media_alta
no_aplica,alto,alto,estandar,poco,medio,alto,poco,baja
medio,poco,poco,estandar,poco,alto,poco,medio,media_baja
poco,poco,alto,muy_temprana,alto,poco,medio,poco,media_alta
alto,no_aplica,alto,estandar,poco,poco,alto,poco,media_alta
no_aplica,poco,alto,muy_temprana,poco,poco,alto,alto,media_baja
no_aplica,poco,alto,estandar,medio,poco,medio,alto,media_alta
medio,medio,poco,estandar,alto,medio,poco,poco,media_alta
poco,alto,poco,muy_temprana,poco,alto,poco,medio,baja
no_aplica,no_aplica,no_aplica,muy_temprana,alto,medio,alto,poco,media_alta
poco,medio,medio,estandar,poco,poco,alto,medio,alta
no_aplica,poco,no_aplica,estandar,alto,alto,alto,poco,alta
poco,no_aplica,poco,estandar,medio,medio,poco,alto,media_alta
no_aplica,no_aplica,no_aplica,muy_temprana,alto,alto,alto,medio,baja
no_aplica,no_aplica,no_aplica,largo_plazo,alto,poco,alto,poco,alta
no_aplica,alto,alto,estandar,poco,medio,poco,alto,baja
alto,no_aplica,no_aplica,muy_temprana,poco,alto,medio,poco,baja
no_aplica,alto,medio,estandar,poco,medio,medio,alto,baja
medio,medio,poco,estandar,poco,medio,alto,poco,media_baja
no_aplica,alto,medio,estandar,poco,alto,poco,alto,baja
alto,no_aplica,alto,muy_temprana,alto,medio,poco,poco,alta
poco,poco,alto,muy_temprana,alto,poco,poco,alto,media_baja
alto,no_aplica,no_aplica,muy_temprana,medio,medio,poco,poco,media_baja
no_aplica,no_aplica,no_aplica,muy_temprana,medio,medio,medio,alto,media_baja
no_aplica,medio,poco,largo_plazo,poco,poco,alto,medio,media_alta
poco,no_aplica,alto,muy_temprana,alto,poco,poco,alto,media_alta
poco,poco,medio,estandar,medio,alto,poco,poco,media_alta
poco,alto,poco,estandar,poco,alto,medio,poco,media_baja
poco,no_aplica,alto,muy_temprana,alto,poco,poco,alto,media_alta
no_aplica,no_aplica,alto,estandar,alto,poco,alto,poco,alta
medio,medio,poco,estandar,poco,medio,poco,alto,media_baja
no_aplica,alto,poco,muy_temprana,poco,medio,alto,medio,baja
alto,no_aplica,medio,estandar,poco,alto,poco,alto,media_baja
poco,alto,alto,estandar,alto,poco,medio,poco,alta
no_aplica,medio,poco,madura,medio,alto,alto,poco,media_alta
no_aplica,no_aplica,no_aplica,estandar,alto,medio,alto,poco,media_alta
alto,no_aplica,no_aplica,muy_temprana,poco,medio,poco,alto,baja
poco,no_aplica,alto,madura,alto,poco,poco,alto,alta
alto,alto,alto,estandar,poco,alto,poco,poco,media_alta
alto,no_aplica,alto,muy_temprana,medio,poco,alto,alto,media_alta
no_aplica,no_aplica,no_aplica,largo_plazo,medio,medio,medio,alto,media_alta
no_aplica,poco,poco,madura,poco,poco,alto,alto,media_baja
poco,no_aplica,no_aplica,largo_plazo,medio,alto,poco,poco,alta
alto,no_aplica,no_aplica,muy_temprana,medio,alto,medio,poco,baja
no_aplica,no_aplica,no_aplica,estandar,alto,medio,alto,alto,media_baja
no_aplica,no_aplica,no_aplica,largo_plazo,medio,medio,medio,alto,media_baja
poco,poco,alto,muy_temprana,alto,poco,medio,poco,media_alta
poco,no_aplica,no_aplica,largo_plazo,alto,alto,poco,poco,media_alta
medio,no_aplica,no_aplica,largo_plazo,poco,medio,medio,alto,media_alta
alto,no_aplica,medio,estandar,poco,alto,poco,alto,media_baja
no_aplica,no_aplica,no_aplica,estandar,alto,medio,alto,medio,media_alta
alto,no_aplica,medio,estandar,alto,poco,poco,medio,alta
poco,no_aplica,alto,muy_temprana,alto,poco,poco,alto,alta
poco,poco,medio,estandar,medio,medio,poco,poco,media_alta
alto,alto,medio,estandar,poco,alto,poco,poco,media_baja
no_aplica,no_aplica,medio,estandar,alto,poco,alto,poco,alta
medio,alto,poco,largo_plazo,poco,medio,alto,poco,alta
poco,poco,alto,madura,alto,poco,poco,alto,alta
no_aplica,no_aplica,no_aplica,muy_temprana,alto,medio,poco,poco,media_baja
no_aplica,medio,medio,madura,poco,poco,alto,alto,media_alta
no_aplica,no_aplica,no_aplica,largo_plazo,alto,medio,alto,alto,media_alta
alto,no_aplica,no_aplica,muy_temprana,poco,medio,medio,poco,media_baja
alto,no_aplica,no_aplica,muy_temprana,poco,alto,medio,poco,baja
poco,alto,poco,muy_temprana,medio,medio,poco,medio,media_baja
poco,poco,alto,estandar,alto,poco,medio,poco,alta
no_aplica,medio,poco,muy_temprana,poco,alto,alto,medio,baja
poco,alto,alto,muy_temprana,alto,poco,poco,medio,media_alta
no_aplica,no_aplica,no_aplica,muy_temprana,alto,alto,poco,poco,media_alta
poco,no_aplica,poco,estandar,medio,medio,poco,alto,media_alta
medio,no_aplica,no_aplica,largo_plazo,alto,alto,poco,poco,media_alta
poco,alto,poco,muy_temprana,poco,poco,alto,alto,media_baja
poco,poco,poco,largo_plazo,poco,medio,alto,medio,alta
poco,poco,poco,muy_temprana,poco,medio,alto,medio,media_baja
poco,alto,poco,madura,poco,alto,poco,medio,media_baja
no_aplica,alto,alto,largo_plazo,poco,poco,alto,medio,alta
alto,medio,alto,estandar,medio,poco,poco,medio,alta
medio,no_aplica,no_aplica,muy_temprana,poco,medio,medio,alto,baja
no_aplica,alto,alto,estandar,poco,poco,medio,medio,baja
alto,no_aplica,no_aplica,estandar,medio,alto,poco,poco,media_baja
medio,no_aplica,poco,estandar,alto,medio,medio,poco,alta
no_aplica,poco,poco,estandar,poco,alto,poco,alto,media_baja
alto,poco,medio,estandar,medio,poco,poco,medio,alta
no_aplica,no_aplica,poco,estandar,alto,medio,alto,poco,media_alta
alto,no_aplica,alto,muy_temprana,alto,medio,poco,poco,alta
no_aplica,no_aplica,no_aplica,estandar,alto,alto,medio,medio,media_baja
no_aplica,poco,alto,muy_temprana,poco,poco,alto,alto,baja
alto,no_aplica,poco,estandar,poco,alto,medio,medio,media_baja
medio,alto,poco,muy_temprana,poco,medio,alto,poco,media_baja
no_aplica,no_aplica,no_aplica,muy_temprana,alto,medio,poco,medio,baja
alto,no_aplica,no_aplica,muy_temprana,medio,medio,alto,poco,baja
medio,no_aplica,no_aplica,muy_temprana,poco,medio,alto,medio,baja
alto,no_aplica,poco,estandar,alto,medio,poco,medio,alta
no_aplica,poco,poco,largo_plazo,poco,alto,poco,alto,media_baja
no_aplica,no_aplica,no_aplica,largo_plazo,medio,medio,medio,alto,media_baja
alto,no_aplica,no_aplica,estandar,poco,medio,alto,alto,media_baja
no_aplica,no_aplica,no_aplica,largo_plazo,medio,medio,poco,alto,media_baja
poco,poco,poco,muy_temprana,poco,medio,alto,medio,baja
no_aplica,no_aplica,no_aplica,estandar,medio,medio,poco,alto,baja
poco,no_aplica,alto,muy_temprana,alto,poco,poco,alto,media_baja
poco,medio,poco,madura,poco,poco,alto,medio,media_alta
poco,no_aplica,alto,muy_temprana,alto,poco,poco,alto,alta
no_aplica,medio,alto,largo_plazo,poco,poco,alto,medio,media_alta
alto,no_aplica,no_aplica,estandar,poco,medio,poco,alto,media_baja
no_aplica,no_aplica,no_aplica,muy_temprana,alto,medio,alto,medio,baja
poco,medio,alto,muy_temprana,poco,poco,alto,medio,media_alta
medio,no_aplica,no_aplica,estandar,poco,medio,alto,medio,baja
poco,medio,alto,largo_plazo,poco,poco,alto,medio,media_alta
no_aplica,no_aplica,no_aplica,muy_temprana,alto,alto,medio,medio,baja
alto,alto,medio,estandar,poco,alto,poco,poco,media_baja
poco,no_aplica,alto,largo_plazo,alto,poco,poco,alto,alta
no_aplica,poco,poco,madura,poco,alto,poco,alto,media_baja
alto,no_aplica,no_aplica,estandar,poco,medio,medio,poco,media_alta
no_aplica,no_aplica,no_aplica,muy_temprana,medio,medio,alto,poco,media_baja
medio,no_aplica,no_aplica,muy_temprana,poco,medio,alto,medio,baja
poco,no_aplica,no_aplica,largo_plazo,alto,alto,poco,poco,media_alta
alto,no_aplica,no_aplica,muy_temprana,medio,alto,medio,poco,media_baja
medio,medio,alto,estandar,medio,poco,poco,poco,media_baja
no_aplica,poco,alto,muy_temprana,medio,poco,medio,alto,baja
alto,no_aplica,medio,madura,alto,poco,poco,medio,alta
poco,no_aplica,no_aplica,largo_plazo,alto,alto,poco,poco,alta
medio,medio,poco,estandar,poco,medio,poco,alto,media_baja
no_aplica,medio,poco,estandar,poco,poco,alto,alto,media_baja
alto,no_aplica,no_aplica,muy_temprana,poco,alto,poco,alto,baja
alto,no_aplica,no_aplica,muy_temprana,medio,alto,medio,poco,baja
no_aplica,poco,alto,estandar,medio,alto,poco,medio,media_baja
poco,medio,alto,estandar,poco,poco,alto,medio,alta
alto,no_aplica,no_aplica,muy_temprana,medio,alto,poco,poco,media_baja
no_aplica,alto,alto,madura,poco,poco,alto,medio,alta
no_aplica,medio,poco,largo_plazo,poco,poco,alto,alto,media_alta
poco,poco,poco,estandar,medio,alto,poco,poco,media_baja
no_aplica,no_aplica,poco,estandar,alto,medio,alto,alto,media_baja
no_aplica,medio,alto,muy_temprana,poco,poco,alto,medio,media_baja
no_aplica,poco,alto,estandar,poco,poco,alto,alto,media_alta
no_aplica,alto,medio,madura,poco,poco,alto,medio,media_alta
medio,medio,poco,estandar,poco,medio,alto,poco,media_alta
no_aplica,no_aplica,medio,estandar,alto,poco,alto,poco,alta
poco,no_aplica,alto,largo_plazo,alto,poco,poco,alto,alta
no_aplica,no_aplica,no_aplica,muy_temprana,alto,medio,alto,poco,media_baja
poco,medio,poco,madura,alto,alto,poco,poco,alta
alto,alto,poco,estandar,poco,medio,medio,poco,media_baja
alto,no_aplica,no_aplica,estandar,medio,alto,medio,poco,media_alta
alto,no_aplica,alto,estandar,medio,poco,alto,alto,alta
alto,no_aplica,alto,muy_temprana,alto,poco,poco,medio,media_alta
poco,no_aplica,medio,largo_plazo,alto,medio,poco,medio,alta
no_aplica,alto,medio,estandar,poco,medio,medio,alto,baja
no_aplica,no_aplica,no_aplica,estandar,medio,medio,alto,medio,baja
poco,poco,poco,muy_temprana,poco,medio,alto,medio,baja
poco,no_aplica,no_aplica,estandar,poco,medio,poco,alto,baja
