,cement,blast_furnace_slag,fly_ash,water,superplasticizer,coarse_aggregate,fine_aggregate,age,compressive_strength
cement,1.0,-0.24516738753755898,-0.4183195783392562,-0.09443693127904694,0.03791857147286615,-0.14487975245974333,-0.17359627318727786,0.004639770405345326,0.4776143065003232
blast_furnace_slag,-0.24516738753755898,1.0,-0.253550973035382,0.053359568914083846,0.0981370934866163,-0.34889756194829347,-0.3022778521231003,-0.01758098317286486,0.16410546676296722
fly_ash,-0.4183195783392562,-0.253550973035382,1.0,-0.2831495129490489,0.4540906971978566,0.058365938962925655,0.051306708198621105,0.002801074673723544,-0.07782971890884373
water,-0.09443693127904694,0.053359568914083846,-0.2831495129490489,1.0,-0.686923202530042,-0.21848696161029693,-0.3456139942449371,0.09094219826873519,-0.30841396991159226
superplasticizer,0.03791857147286615,0.0981370934866163,0.4540906971978566,-0.686923202530042,1.0,-0.19880222971777262,0.16831322885854172,-0.00952492218982794,0.3477863729870242
coarse_aggregate,-0.14487975245974333,-0.34889756194829347,0.058365938962925655,-0.21848696161029693,-0.19880222971777262,1.0,-0.10048030924281794,-0.044928470431810724,-0.18354244378833756
fine_aggregate,-0.17359627318727786,-0.3022778521231003,0.051306708198621105,-0.3456139942449371,0.16831322885854172,-0.10048030924281794,1.0,-0.057362178082407705,-0.1799620398845289
age,0.004639770405345326,-0.01758098317286486,0.002801074673723544,0.09094219826873519,-0.00952492218982794,-0.044928470431810724,-0.057362178082407705,1.0,0.5960276340337733
compressive_strength,0.4776143065003232,0.16410546676296722,-0.07782971890884373,-0.30841396991159226,0.3477863729870242,-0.18354244378833756,-0.1799620398845289,0.5960276340337733,1.0
