,count,mean,std,min,25%,50%,75%,max,skewness,range
cement,1030.0,281.16786407766995,104.50636449481543,102.0,192.375,272.9,350.0,540.0,0.509481178871773,438.0
blast_furnace_slag,1030.0,73.89582524271846,86.27934174810551,0.0,0.0,22.0,142.95,359.4,0.8007168956061772,359.4
fly_ash,1030.0,54.18834951456311,63.99700415268812,0.0,0.0,0.0,118.3,200.1,0.5373539058066844,200.1
water,1030.0,181.56728155339806,21.354218565032525,121.8,164.9,185.0,192.0,247.0,0.07462838428549402,125.2
superplasticizer,1030.0,6.204660194174758,5.973841392485506,0.0,0.0,6.4,10.2,32.2,0.9072025748672465,32.2
coarse_aggregate,1030.0,972.9189320388349,77.75395396672091,801.0,932.0,968.0,1029.4,1145.0,-0.04021974481106706,344.0
fine_aggregate,1030.0,773.5804854368932,80.17598014240434,594.0,730.95,779.5,824.0,992.6,-0.25300959769707576,398.6
age,1030.0,45.662135922330094,63.169911581033155,1.0,7.0,28.0,56.0,365.0,3.26917740063459,364.0
compressive_strength,1030.0,35.817961165048544,16.705741961912505,2.33,23.71,34.445,46.135000000000005,82.6,0.416977288410718,80.27
