generation,train_rmse_best,train_rmse_mean,val_rmse,val_r2,val_mae,val_coverage_pct
1,11.0003,12.4171,11.7749,0.4012,9.0009,98.68
2,10.6367,11.9242,11.1918,0.4591,8.5769,100.0
3,10.4707,11.4903,10.9864,0.4787,8.8806,100.0
4,10.3864,11.1469,11.1312,0.4649,8.4814,100.0
5,10.1134,10.8802,10.9802,0.4793,8.5643,99.34
6,10.0265,10.6225,11.2453,0.4539,8.721,99.34
7,9.9126,10.4387,10.7769,0.4984,8.3863,100.0
8,9.7478,10.3699,10.6567,0.5095,8.3217,99.34
9,9.7389,10.1243,10.7768,0.4984,8.2605,99.34
10,9.7242,10.0421,10.8516,0.4914,8.5423,98.68
11,9.6537,10.0431,10.6355,0.5115,8.3461,99.34
12,9.6537,9.9479,10.6355,0.5115,8.3461,99.34
13,9.6144,9.8247,10.727,0.5031,8.3154,99.34
14,9.5616,9.7952,10.576,0.5169,8.3611,99.34
15,9.5358,9.7777,10.8443,0.4921,8.4679,98.68
16,9.476,9.8152,10.6901,0.5065,8.3722,98.68
17,9.4281,9.7393,10.9036,0.4865,8.5005,98.68
18,9.4281,9.6208,10.9036,0.4865,8.5005,98.68
19,9.3652,9.5436,10.929,0.4842,8.5286,98.01
20,9.283,9.5321,10.5907,0.5156,8.386,98.01
21,9.283,9.5187,10.5907,0.5156,8.386,98.01
22,9.2292,9.4487,10.7159,0.5041,8.3717,98.68
23,9.2241,9.4223,10.6669,0.5086,8.3063,98.01
24,9.1654,9.3995,10.8154,0.4948,8.4392,98.68
25,9.1654,9.3329,10.8154,0.4948,8.4392,98.68
26,9.1513,9.3549,10.5876,0.5159,8.2651,97.35
27,9.1498,9.3227,10.7885,0.4973,8.4241,98.68
28,9.1337,9.3106,10.5691,0.5176,8.2114,98.68
29,9.0793,9.2423,10.6037,0.5144,8.2339,98.68
30,9.0644,9.2174,10.3718,0.5354,8.2106,97.35
31,9.003,9.3179,10.6695,0.5084,8.3375,97.35
32,9.003,9.2007,10.6695,0.5084,8.3375,97.35
33,9.003,9.1997,10.6695,0.5084,8.3375,97.35
34,8.997,9.195,10.5314,0.521,8.2166,97.35
35,8.9881,9.1162,10.6732,0.508,8.3063,97.35
36,8.9475,9.0884,10.612,0.5137,8.243,97.35
37,8.928,9.131,10.5948,0.5152,8.3434,96.69
38,8.9112,9.1183,10.5831,0.5163,8.1738,97.35
39,8.8947,9.1332,10.664,0.5089,8.3006,96.69
40,8.8825,9.0579,10.562,0.5182,8.2336,96.69
41,8.8805,8.999,10.5462,0.5197,8.1881,97.35
42,8.8646,9.0809,10.4924,0.5246,8.2196,96.69
43,8.8538,8.9619,10.5861,0.516,8.1821,97.35
44,8.8378,8.928,10.5337,0.5208,8.1974,97.35
45,8.8355,9.0305,10.5797,0.5166,8.2104,97.35
