rule,consequent,antecedent,train_conf,train_lift,train_rule_supp,train_supp_pct,val_conf,val_lift,status,discard_reasons,source_files,n_appearances
IF age == 'largo_plazo' THEN compressive_strength == 'alta',alta,IF age == 'largo_plazo',0.3893,1.901,51,7.25,0.3704,1.804,DESCARTADA,"Contradictoria (Conflicto con clases: ['alta', 'media_alta']); Baja_Confianza (38.9% < 50%)","rules_caso_7_conf25_supp50.csv, rules_caso_8_conf25_supp25.csv",2
IF age == 'largo_plazo' AND fine_aggregate == 'poco' THEN compressive_strength == 'alta',alta,IF age == 'largo_plazo' AND fine_aggregate == 'poco',0.6364,3.107,28,3.98,0.5,2.435,CONSOLIDADA,Ninguna (Aprobada),rules_caso_5_conf50_supp25.csv,1
IF age == 'madura' THEN compressive_strength == 'alta',alta,IF age == 'madura',0.4364,2.13,24,3.41,0.5714,2.783,DESCARTADA,"Contradictoria (Conflicto con clases: ['alta', 'media_alta']); Baja_Confianza (43.6% < 50%)","rules_caso_7_conf25_supp50.csv, rules_caso_8_conf25_supp25.csv",2
IF blast_furnace_slag == 'alto' THEN compressive_strength == 'alta',alta,IF blast_furnace_slag == 'alto',0.2564,1.252,40,5.69,0.1818,0.886,DESCARTADA,Baja_Confianza (25.6% < 50%); Bajo_Val_Lift (0.89 <= 1.0),"rules_caso_7_conf25_supp50.csv, rules_caso_8_conf25_supp25.csv",2
IF blast_furnace_slag == 'poco' AND age == 'largo_plazo' THEN compressive_strength == 'alta',alta,IF blast_furnace_slag == 'poco' AND age == 'largo_plazo',0.6429,3.138,18,2.56,0.6,2.923,CONSOLIDADA,Ninguna (Aprobada),rules_caso_5_conf50_supp25.csv,1
IF cement == 'alto' THEN compressive_strength == 'alta',alta,IF cement == 'alto',0.3923,1.915,102,14.51,0.4348,2.118,DESCARTADA,Baja_Confianza (39.2% < 50%),"rules_caso_7_conf25_supp50.csv, rules_caso_8_conf25_supp25.csv",2
IF cement == 'alto' AND age == 'estandar' AND fine_aggregate == 'poco' THEN compressive_strength == 'alta',alta,IF cement == 'alto' AND age == 'estandar' AND fine_aggregate == 'poco',0.5,2.441,24,3.41,0.4286,2.088,CONSOLIDADA,Ninguna (Aprobada),rules_caso_5_conf50_supp25.csv,1
IF cement == 'alto' AND age == 'largo_plazo' THEN compressive_strength == 'alta',alta,IF cement == 'alto' AND age == 'largo_plazo',0.5417,2.644,26,3.7,0.3571,1.74,CONSOLIDADA,Ninguna (Aprobada),rules_caso_5_conf50_supp25.csv,1
IF superplasticizer == 'alto' THEN compressive_strength == 'alta',alta,IF superplasticizer == 'alto',0.3804,1.857,62,8.82,0.3143,1.531,DESCARTADA,"Contradictoria (Conflicto con clases: ['alta', 'media_alta']); Baja_Confianza (38.0% < 50%)","rules_caso_7_conf25_supp50.csv, rules_caso_8_conf25_supp25.csv",2
IF superplasticizer == 'alto' AND fly_ash == 'no_aplica' THEN compressive_strength == 'alta',alta,IF superplasticizer == 'alto' AND fly_ash == 'no_aplica',0.5902,2.881,36,5.12,0.4286,2.088,CONSOLIDADA,Ninguna (Aprobada),"rules_caso_1_conf50_supp50.csv, rules_caso_5_conf50_supp25.csv, rules_caso_6_conf50_supp50.csv",3
IF superplasticizer == 'medio' THEN compressive_strength == 'alta',alta,IF superplasticizer == 'medio',0.3171,1.548,26,3.7,0.2778,1.353,DESCARTADA,"Contradictoria (Conflicto con clases: ['alta', 'media_alta']); Baja_Confianza (31.7% < 50%)","rules_caso_7_conf25_supp50.csv, rules_caso_8_conf25_supp25.csv",2
IF water == 'poco' AND age == 'estandar' AND cement == 'alto' THEN compressive_strength == 'alta',alta,IF water == 'poco' AND age == 'estandar' AND cement == 'alto',0.825,4.028,33,4.69,1.0,4.871,CONSOLIDADA,Ninguna (Aprobada),rules_caso_5_conf50_supp25.csv,1
IF age == 'muy_temprana' THEN compressive_strength == 'baja',baja,IF age == 'muy_temprana',0.5043,2.396,116,16.5,0.5102,2.485,CONSOLIDADA,Ninguna (Aprobada),"rules_caso_1_conf50_supp50.csv, rules_caso_3_conf50_supp80.csv, rules_caso_5_conf50_supp25.csv, rules_caso_6_conf50_supp50.csv, rules_caso_7_conf25_supp50.csv, rules_caso_8_conf25_supp25.csv",6
IF fly_ash == 'alto' THEN compressive_strength == 'baja',baja,IF fly_ash == 'alto',0.3021,1.435,29,4.13,0.16,0.779,DESCARTADA,"Contradictoria (Conflicto con clases: ['baja', 'media_baja']); Baja_Confianza (30.2% < 50%); Bajo_Val_Lift (0.78 <= 1.0)","rules_caso_7_conf25_supp50.csv, rules_caso_8_conf25_supp25.csv",2
IF fly_ash == 'alto' AND blast_furnace_slag == 'no_aplica' THEN compressive_strength == 'baja',baja,IF fly_ash == 'alto' AND blast_furnace_slag == 'no_aplica',0.5714,2.714,20,2.84,0.25,1.218,CONSOLIDADA,Ninguna (Aprobada),rules_caso_5_conf50_supp25.csv,1
IF superplasticizer == 'no_aplica' THEN compressive_strength == 'baja',baja,IF superplasticizer == 'no_aplica',0.3245,1.542,86,12.23,0.3621,1.764,DESCARTADA,Baja_Confianza (32.5% < 50%),"rules_caso_7_conf25_supp50.csv, rules_caso_8_conf25_supp25.csv",2
IF age == 'estandar' THEN compressive_strength == 'media_alta',media_alta,IF age == 'estandar',0.2892,1.043,83,11.81,0.3115,1.12,DESCARTADA,Baja_Confianza (28.9% < 50%),"rules_caso_7_conf25_supp50.csv, rules_caso_8_conf25_supp25.csv",2
IF age == 'largo_plazo' THEN compressive_strength == 'media_alta',media_alta,IF age == 'largo_plazo',0.4351,1.569,57,8.11,0.5185,1.864,DESCARTADA,"Contradictoria (Conflicto con clases: ['alta', 'media_alta']); Baja_Confianza (43.5% < 50%)","rules_caso_7_conf25_supp50.csv, rules_caso_8_conf25_supp25.csv",2
IF age == 'largo_plazo' AND water == 'medio' THEN compressive_strength == 'media_alta',media_alta,IF age == 'largo_plazo' AND water == 'medio',0.5217,1.881,24,3.41,0.5556,1.997,CONSOLIDADA,Ninguna (Aprobada),rules_caso_5_conf50_supp25.csv,1
IF age == 'madura' THEN compressive_strength == 'media_alta',media_alta,IF age == 'madura',0.4,1.442,22,3.13,0.3571,1.284,DESCARTADA,"Contradictoria (Conflicto con clases: ['alta', 'media_alta']); Baja_Confianza (40.0% < 50%)","rules_caso_7_conf25_supp50.csv, rules_caso_8_conf25_supp25.csv",2
IF blast_furnace_slag == 'poco' AND cement == 'medio' THEN compressive_strength == 'media_alta',media_alta,IF blast_furnace_slag == 'poco' AND cement == 'medio',0.5862,2.113,17,2.42,0.4,1.438,CONSOLIDADA,Ninguna (Aprobada),rules_caso_5_conf50_supp25.csv,1
IF fine_aggregate == 'poco' THEN compressive_strength == 'media_alta',media_alta,IF fine_aggregate == 'poco',0.3083,1.111,78,11.1,0.3469,1.247,DESCARTADA,Baja_Confianza (30.8% < 50%),"rules_caso_7_conf25_supp50.csv, rules_caso_8_conf25_supp25.csv",2
IF fine_aggregate == 'poco' AND water == 'alto' AND age == 'largo_plazo' THEN compressive_strength == 'media_alta',media_alta,IF fine_aggregate == 'poco' AND water == 'alto' AND age == 'largo_plazo',0.5333,1.923,16,2.28,0.625,2.247,CONSOLIDADA,Ninguna (Aprobada),rules_caso_5_conf50_supp25.csv,1
IF superplasticizer == 'alto' THEN compressive_strength == 'media_alta',media_alta,IF superplasticizer == 'alto',0.2883,1.04,47,6.69,0.3714,1.335,DESCARTADA,"Contradictoria (Conflicto con clases: ['alta', 'media_alta']); Baja_Confianza (28.8% < 50%)","rules_caso_7_conf25_supp50.csv, rules_caso_8_conf25_supp25.csv",2
IF superplasticizer == 'medio' THEN compressive_strength == 'media_alta',media_alta,IF superplasticizer == 'medio',0.3049,1.099,25,3.56,0.1667,0.599,DESCARTADA,"Contradictoria (Conflicto con clases: ['alta', 'media_alta']); Baja_Confianza (30.5% < 50%); Bajo_Val_Lift (0.60 <= 1.0)","rules_caso_7_conf25_supp50.csv, rules_caso_8_conf25_supp25.csv",2
IF age == 'estandar' AND superplasticizer == 'no_aplica' THEN compressive_strength == 'media_baja',media_baja,IF age == 'estandar' AND superplasticizer == 'no_aplica',0.5541,1.803,41,5.83,0.4375,1.406,CONSOLIDADA,Ninguna (Aprobada),"rules_caso_1_conf50_supp50.csv, rules_caso_5_conf50_supp25.csv, rules_caso_6_conf50_supp50.csv",3
IF coarse_aggregate == 'medio' AND fine_aggregate == 'medio' THEN compressive_strength == 'media_baja',media_baja,IF coarse_aggregate == 'medio' AND fine_aggregate == 'medio',0.5,1.627,15,2.13,0.3333,1.071,CONSOLIDADA,Ninguna (Aprobada),rules_caso_5_conf50_supp25.csv,1
IF fly_ash == 'alto' THEN compressive_strength == 'media_baja',media_baja,IF fly_ash == 'alto',0.3333,1.085,32,4.55,0.44,1.414,DESCARTADA,"Contradictoria (Conflicto con clases: ['baja', 'media_baja']); Baja_Confianza (33.3% < 50%)","rules_caso_7_conf25_supp50.csv, rules_caso_8_conf25_supp25.csv",2
IF fly_ash == 'medio' THEN compressive_strength == 'media_baja',media_baja,IF fly_ash == 'medio',0.3486,1.135,38,5.41,0.4118,1.323,DESCARTADA,Baja_Confianza (34.9% < 50%),"rules_caso_7_conf25_supp50.csv, rules_caso_8_conf25_supp25.csv",2
IF fly_ash == 'medio' AND age == 'estandar' THEN compressive_strength == 'media_baja',media_baja,IF fly_ash == 'medio' AND age == 'estandar',0.5122,1.667,21,2.99,0.5714,1.836,CONSOLIDADA,Ninguna (Aprobada),rules_caso_5_conf50_supp25.csv,1
IF fly_ash == 'poco' THEN compressive_strength == 'media_baja',media_baja,IF fly_ash == 'poco',0.3193,1.039,38,5.41,0.5185,1.666,DESCARTADA,Baja_Confianza (31.9% < 50%),"rules_caso_7_conf25_supp50.csv, rules_caso_8_conf25_supp25.csv",2
IF superplasticizer == 'poco' AND fly_ash == 'alto' THEN compressive_strength == 'media_baja',media_baja,IF superplasticizer == 'poco' AND fly_ash == 'alto',0.5116,1.665,22,3.13,0.6667,2.142,CONSOLIDADA,Ninguna (Aprobada),rules_caso_5_conf50_supp25.csv,1
IF water == 'alto' THEN compressive_strength == 'media_baja',media_baja,IF water == 'alto',0.4066,1.323,74,10.53,0.303,0.974,DESCARTADA,Baja_Confianza (40.7% < 50%); Bajo_Val_Lift (0.97 <= 1.0),"rules_caso_7_conf25_supp50.csv, rules_caso_8_conf25_supp25.csv",2
IF water == 'medio' THEN compressive_strength == 'media_baja',media_baja,IF water == 'medio',0.3418,1.112,94,13.37,0.2985,0.959,DESCARTADA,Baja_Confianza (34.2% < 50%); Bajo_Val_Lift (0.96 <= 1.0),"rules_caso_7_conf25_supp50.csv, rules_caso_8_conf25_supp25.csv",2
IF water == 'poco' AND age == 'muy_temprana' THEN compressive_strength == 'media_baja',media_baja,IF water == 'poco' AND age == 'muy_temprana',0.3735,1.216,31,4.41,0.6,1.928,DESCARTADA,Baja_Confianza (37.4% < 50%),"rules_caso_7_conf25_supp50.csv, rules_caso_8_conf25_supp25.csv",2
