Conf_Min,Supp_Min,Num_Reglas,Train_Conf_Media,Train_Lift_Medio,Val_Conf_Media,Val_Lift_Medio
50%,15,38,0.6191,2.568,0.5935,2.449
50%,20,22,0.5945,2.533,0.5946,2.486
50%,25,15,0.5687,2.402,0.5109,2.132
50%,30,13,0.5617,2.367,0.5126,2.125
50%,50,3,0.5495,2.36,0.4588,1.993
50%,80,1,0.5043,2.396,0.5102,2.485
60%,15,26,0.7026,3.019,0.7193,3.118
60%,20,12,0.7259,3.431,0.797,3.836
60%,25,8,0.7099,3.429,0.8101,3.946
60%,30,6,0.7098,3.433,0.8135,3.962
60%,50,3,0.7022,3.364,0.7936,3.866
60%,80,2,0.7264,3.45,0.7619,3.711
70%,15,14,0.7938,3.507,0.8903,3.959
70%,20,6,0.7926,3.82,0.9206,4.484
70%,25,4,0.7639,3.656,0.8809,4.291
70%,30,3,0.7593,3.643,0.8413,4.098
70%,50,2,0.7264,3.45,0.7619,3.711
70%,80,2,0.7264,3.45,0.7619,3.711
80%,15,10,0.8753,3.975,0.9159,4.292
80%,20,8,0.8593,3.972,0.8949,4.307
80%,25,3,0.867,4.155,0.9697,4.723
80%,30,3,0.867,4.155,0.9697,4.723
80%,50,0,0.0,0.0,0.0,0.0
80%,80,0,0.0,0.0,0.0,0.0
