Tipo,Variable,Etiqueta,Parámetro,Valor_Nominal,Valor_Sintonizado,Diferencia
input,blast_furnace_slag,poco,a,0.0,11.2888,11.2888
input,blast_furnace_slag,poco,b,11.0,21.2311,10.2311
input,blast_furnace_slag,poco,c,106.3,107.561,1.261
input,blast_furnace_slag,poco,d,135.7,148.9488,13.2488
input,blast_furnace_slag,medio,a,106.3,127.8288,21.5288
input,blast_furnace_slag,medio,b,135.7,145.1788,9.4788
input,blast_furnace_slag,medio,c,170.0,189.408,19.408
input,blast_furnace_slag,alto,a,135.7,138.8673,3.1673
input,blast_furnace_slag,alto,b,170.0,172.5283,2.5283
input,fly_ash,poco,a,0.0,8.0548,8.0548
input,fly_ash,poco,b,24.5,24.5478,0.0478
input,fly_ash,poco,c,100.5,99.1515,-1.3485
input,fly_ash,poco,d,121.4,122.1972,0.7972
input,fly_ash,medio,a,100.5,94.8648,-5.6352
input,fly_ash,medio,b,121.4,113.098,-8.302
input,fly_ash,medio,c,140.0,126.878,-13.122
input,fly_ash,alto,a,121.4,120.9818,-0.4182
input,fly_ash,alto,b,140.0,141.5993,1.5993
input,superplasticizer,poco,a,0.0,1.1096,1.1096
input,superplasticizer,poco,b,1.7,2.6216,0.9216
input,superplasticizer,poco,c,7.8,7.554,-0.246
input,superplasticizer,poco,d,9.4,8.2735,-1.1265
input,superplasticizer,medio,a,7.8,7.3847,-0.4153
input,superplasticizer,medio,b,9.4,8.405,-0.995
input,superplasticizer,medio,c,11.0,10.6074,-0.3926
input,superplasticizer,alto,a,9.4,9.2857,-0.1143
input,superplasticizer,alto,b,11.0,10.4876,-0.5124
input,age,muy_temprana,c,7.0,3.235,-3.765
input,age,muy_temprana,d,28.0,26.7612,-1.2388
input,age,estandar,a,7.0,1.4333,-5.5667
input,age,estandar,b,28.0,19.4,-8.6
input,age,estandar,c,56.0,145.157,89.157
input,age,madura,a,28.0,31.8082,3.8082
input,age,madura,b,56.0,52.0084,-3.9916
input,age,madura,c,90.0,97.4241,7.4241
input,age,largo_plazo,a,56.0,49.9942,-6.0058
input,age,largo_plazo,b,90.0,56.7584,-33.2416
input,cement,poco,c,200.0,196.6206,-3.3794
input,cement,poco,d,272.9,235.6447,-37.2553
input,cement,medio,a,200.0,201.478,1.478
input,cement,medio,b,272.9,294.9937,22.0937
input,cement,medio,c,350.0,317.3066,-32.6934
input,cement,alto,a,272.9,241.152,-31.748
input,cement,alto,b,350.0,442.0283,92.0283
input,water,poco,c,165.0,147.8714,-17.1286
input,water,poco,d,185.0,177.8212,-7.1788
input,water,medio,a,165.0,153.9341,-11.0659
input,water,medio,b,185.0,173.3853,-11.6147
input,water,medio,c,200.0,206.0391,6.0391
input,water,alto,a,185.0,184.3897,-0.6103
input,water,alto,b,200.0,198.558,-1.442
input,coarse_aggregate,poco,c,930.0,898.6533,-31.3467
input,coarse_aggregate,poco,d,968.0,986.5464,18.5464
input,coarse_aggregate,medio,a,930.0,912.1324,-17.8676
input,coarse_aggregate,medio,b,968.0,992.7363,24.7363
input,coarse_aggregate,medio,c,1030.0,1060.9006,30.9006
input,coarse_aggregate,alto,a,968.0,986.6546,18.6546
input,coarse_aggregate,alto,b,1030.0,1061.6095,31.6095
input,fine_aggregate,poco,c,730.0,734.9464,4.9464
input,fine_aggregate,poco,d,779.5,842.4496,62.9496
input,fine_aggregate,medio,a,730.0,678.9303,-51.0697
input,fine_aggregate,medio,b,779.5,817.0078,37.5078
input,fine_aggregate,medio,c,825.0,871.2468,46.2468
input,fine_aggregate,alto,a,779.5,740.9499,-38.5501
input,fine_aggregate,alto,b,825.0,825.5548,0.5548
centroid,compressive_strength,baja,y_star,13.9,15.0336,1.1336
centroid,compressive_strength,media_baja,y_star,28.47,26.9407,-1.5293
centroid,compressive_strength,media_alta,y_star,41.02,38.5665,-2.4535
centroid,compressive_strength,alta,y_star,59.97,61.1535,1.1835
